<?xml version="1.0" encoding="utf-8" ?>
<GameDescriptor xmlns:xsi="http://www.w3.org/2001/XMLSchema-instance"
                xsi:noNamespaceSchemaLocation="JtaDescriptor.xsd" id="hunJtaLabels" root="false" gameName="FredInSpace">
  <Texts defLang="fra">
    <Text id="jtaLabelInventory">Omlett</Text>
    <Text id="jtaLabelGoNextRoom">du fromage...</Text>
    <Text id="jtaLabelMenu">Du Omlett</Text>
    <Text id="jtaLabelPickUp">Omlett</Text>
    <Text id="jtaLabelBack">fromage du omlett</Text>
    <Text id="jtaLabelItems">Omlett du fromage</Text>
    <Text id="jtaLabelPickUpNotif">Omlett du fromage:</Text>
    <Text id="jtaLabelNpc">Omlett</Text>
    <Text id="jtaLabelShowDescription">Omlett du fromage...</Text>
    <Text id="jtaLabelStartConversation">Omlett du fromage...</Text>
    <Text id="jtaLabelConversationWith">Omlett du fromage: </Text>
    <Text id="jtaLabelLoad">Omlett</Text>
    <Text id="jtaLabelSave">fromage</Text>
    <Text id="jtaLabelExit">du fromage</Text>
    <Text id="jtaLabelLanguages">Omlett du fromagge</Text>
    <Text id="jtaLabelSavedGames">Omlett du fromage</Text>
    <Text id="jtaLabelSavedName">fromage...</Text>
    <Text id="jtaLabelEmptyItemList">Omlett du fromage...</Text>
    <Text id="jtaLabelEmptyNeighbourList">Omlett du fromage</Text>
    <Text id="jtaLabelEmptyNpcList">Omlett du fromage, Omlett...</Text>
    <Text id="jtaLabelPlayerProprs">du fromage</Text>
    <Text id="jtaLabelItemProprs">Omlett du fromage</Text>
    <Text id="jtaLabelNpcProprs">Omlett du fromage</Text>
    <Text id="nope">##NOPE##</Text>
    <Text id="pocketKnifeTryMINameTxt">Omlett du fromage</Text>
    <Text id="pocketKnifeNotSharpTxt">Omlett du fromage, Omlett du fromage...</Text>
    <Text id="pocketKnifeSharpTxt">Omlett du fromage! Omlett du fromage!</Text>
    <Text id="pocketKnifeNameTxt">Omlett</Text>
    <Text id="pocketKnifeDescTxt">"Omlett du fromage. Omlett du fromage..."</Text>
    <Text id="shipDiaryNameTxt">Omlett du fromage</Text>
    <Text id="shipDiaryDescTxt">Omlett du fromage, Omlett du fromage Omlett du fromage Omlett du fromage Omlett du fromage Omlett du fromage! Omlett du fromage Omlett du fromage Omlett du fromage. Omlett du fromage...</Text>
    <Text id="log1MenuTxt">1. Omlett du fromage</Text>
    <Text id="log2MenuTxt">2. Omlett du fromage</Text>
    <Text id="log3MenuTxt">3. Omlett du fromage</Text>
    <Text id="log4MenuTxt">4. Omlett du fromage</Text>
    <Text id="log5MenuTxt">5. Omlett du fromage</Text>
    <Text id="log1Txt">Omlett du fromage Omlett du fromage Omlett du fromage. Omlett du fromage Omlett du fromage! Omlett du fromage...</Text>
    <Text id="log2Txt">Omlett du fromage Omlett du fromage SpaceBook! Omlett du fromage, Omlett du fromage Omlett du fromage Omlett du fromage Ceres-III.</Text>
    <Text id="log3Txt">Omlett du fromage... Omlett du fromage Omlett du fromage, Omlett du fromage. Omlett du fromage Mars-X, Omlett du fromage Omlett du fromage Omlett du fromage.</Text>
    <Text id="log4Txt">Omlett du fromage. Omlett du fromage. Omlett du fromage, Omlett du fromage, Omlett du fromage.</Text>
    <Text id="log5Txt">Omlett du fromage Laika. Omlett du fromage. Omlett du fromage, Omlett du fromage!</Text>
    <Text id="writeLogTxt">Omlett du fromage</Text>
    <Text id="writeLogRespTxt">"Omlett du fromage!"</Text>
    <Text id="saveStationNameTxt">Omlett du fromage</Text>
    <Text id="saveMenuTxt">Omlett</Text>
    <Text id="saveRespTxt">Omlett du fromage.</Text>
    <Text id="spaceshipNameTxt">Omlett du fromage</Text>
    <Text id="spaceshipDescTxt">Omlett du fromage. Fred Omlett du fromage. Omlett du fromage.</Text>
    <Text id="flyToMarsXI">Omlett MarsXI</Text>
    <Text id="flyToSunTxt">Omlett du fromage Sun</Text>
    <Text id="flyToCeresTxt">Omlett CeresIII</Text>
    <Text id="runningStatusMenuTxt">Omlett du fromage</Text>
    <Text id="runningStatusRespTxt">Chul'ak Omlett du fromage Fredet du Laikát. Omlett du fromage, Omlett du fromage, Omlett du fromage. Omlett du fromage Fred fromage, du Sun Omlett du fromage.</Text>
    <Text id="sunNameTxt">Du Sun</Text>
    <Text id="sunDescTxt">Du Sun fromage... Omlett du fromage... Omlett du fromage. Omlett du fromage. Omlett du fromage?!</Text>
    <Text id="toSafeHouseTxt">Omlett du fromage!</Text>
    <Text id="shieldsOnMINameTxt">Omlett du fromage</Text>
    <Text id="superShieldOnTxt">Fred fOmlett du fromage, Omlett du fromage. Laika Omlett du fromage, Omlett du fromage. Omlett du fromage.\nOmlett du fromage. Omlett du fromage, Omlett du fromage. Omlett 9000 Omlett du fromage. Omlett du fromage.</Text>
    <Text id="safeHouseNameTxt">Omlett</Text>
    <Text id="safeHouseDescTxt">Omlett du fromage Fred du Laika. Omlett, du frumage. Omlett ZaiGon du fromage, Omlett du fromage. Omlett du fromage.</Text>
    <Text id="finishMIText">Omlett</Text>
    <Text id="marsXINameTxt">Mars-XI</Text>
    <Text id="marsXIDescTxt">Omlett du fromage. Omlett du fromage. Omlett du fromage...</Text>
    <Text id="searchAreaMenuTxt">Omlett du fromage</Text>
    <Text id="searchAreaRespTxt">Omlett du fromage, Omlett du fromage, Omlett du fromage Omlett du fromage Omlett du fromage.</Text>
    <Text id="landAtStorageAreaNameTxt">Omlett du fromage</Text>
    <Text id="landAtEmptyMineNameTxt">Omlett du fromage</Text>
    <Text id="storageAreaNameTxt">Omlett</Text>
    <Text id="storageAreaDescTxt">Omlett du fromage. Omlett du fromage, Omlett du fromage.</Text>
    <Text id="moonStoneNameTxt">Omlett</Text>
    <Text id="moonStoneDescTxt">Fred: "Omlett du fromage, Omlett du fromage Omlett du fromage."</Text>
    <Text id="moonStoneUseMIMenuTxt">Omlett</Text>
    <Text id="moonStoneNotUsableTxt">Fred: "Omlett du fromage!"</Text>
    <Text id="moonStoneUsedTxt">Omlett Fred Omlett du fromage, Laika Omlett du fromage. Fred Omlett du fromage.\nLaika du fromage Fredet,Omlett du fromage. Laika Omlett du fromage,Omlett du fromage Omlett du fromage Omlett du fromage Omlett du fromage Omlett du fromage.\nFred: "weird flex, but ok."</Text>
    <Text id="lookAroundMIMenuTxt">Omlett</Text>
    <Text id="lookAroundRespTxt">Omlett du fromage... Fred Omlett du fromage Omlett du fromage Omlett du fromage Omlett du fromage.</Text>
    <Text id="emptyMineNameTxt">Omlett</Text>
    <Text id="emptyMineDescTxt">Omlett du fromage Omlett du fromage. Omlett du fromage Omlett du fromage Omlett du fromage, Omlett du fromage Omlett du fromage Omlett du fromage.</Text>
    <Text id="asgardianNameTxt">Omlett du fromage</Text>
    <Text id="asgardianDescTxt">Omlett du fromage. Frednek vOmlett du fromage, Omlett du fromage Omlett du fromage Omlett du fromage.</Text>
    <Text id="asgardianLine1Txt">"Omlett du fromage Chul'ak Omlett du fromage?"</Text>
    <Text id="asgAnswOpt1Txt">Omlett!</Text>
    <Text id="asgAnsw1Txt">Fred: "Omlett du fromage!"</Text>
    <Text id="asgAnswOpt2Txt">Omlett?</Text>
    <Text id="asgAnsw2Txt">Fred: "Omlett du fromage?"</Text>
    <Text id="asgardianLine2Txt">"Omlett du fromage?"</Text>
    <Text id="asgAnswOpt3Txt">Omlett du fromage?</Text>
    <Text id="asgardianLine3Txt">"Omlett du fromage!"</Text>
    <Text id="asgAnswOpt4Txt">Omlett</Text>
    <Text id="asgAnsw4Txt">Fred Omlett du fromage Omlett du fromage.</Text>
    <Text id="asgardianLine4Txt">"Omlett du fromage Omlett du fromage!"\nEOmlett du fromage.</Text>
    <Text id="chulakGreetingTxt">"Omlett du fromage! Omlett du fromage! Omlett du fromage Omlett du fromage!"</Text>
    <Text id="givePackageShortTxt">Omlett du fromage</Text>
    <Text id="givePackageTxt">Fred Omlett du fromage Omlett du fromage Omlett du fromage Omlett du fromage.</Text>
    <Text id="chulakTakeDogTxt">"Fromage Laika! Omlett du fromage Omlett du fromage! HAHA! Du Fred, Omlett du fromage Omlett du fromage, fromage?! Omlett du fromage Omlett du fromage Omlett du fromage!"\n- Omlett Laika Omlett du fromage Fredre. Omlett du fromage Omlett du fromage Omlett du fromage!"</Text>
    <Text id="answInterruptShortTxt">Omlett</Text>
    <Text id="answInterruptTxt">Fred Omlett du fromage Omlett du fromage Omlett du fromage Omlett du fromage.</Text>
    <Text id="answLetitgoShortTxt">Du fromage</Text>
    <Text id="answLetitgoTxt">Fred:\n"Ok cső!"\n-Omlett du fromage Omlett du fromage Omlett du fromage.</Text>
    <Text id="chulakFollowTxt">"Du fromage? Omlett! Omlett du fromage! Fromage du Omlett!"</Text>
    <Text id="chulakGohomeTxt">"Omlett du fromage!"\nOmlett du fromage Omlett du fromage.</Text>
    <Text id="ceresNameTxt">Ceres-III</Text>
    <Text id="ceresDescTxt">Du Ceres-III Omlett du fromage King's Omlett du fromage Omlett du fromage Omlett du fromage. Cail, Omlett du fromage.</Text>
    <Text id="sitAtTableTxt">Omlett du fromage</Text>
    <Text id="cailNameTxt">Cail, du fromage</Text>
    <Text id="cailDescTxt">Cail Omlett du fromage. Omlett du fromage, Omlett du fromage Omlett du fromage Omlett du fromage Omlett du fromage.</Text>
    <Text id="cailGreetingTxt">"Fromage du Fredike, Omlett du fromage? Omlett du fromage? Omlett du fromage? Fromage? Omlett? Omlett du fromage!"</Text>
    <Text id="cailGreetingShortAnswTxt">Omlett!</Text>
    <Text id="cailGreetingAnswTxt">Fred:\n"Őőő Omlett!"\nFred Omlett du fromage Cail Omlett du fromage.</Text>
    <Text id="cailOptionsTxt">"Tüttürű tüttürű"</Text>
    <Text id="answKnifeSharpenigTxt">Omlett du fromage</Text>
    <Text id="answKnifeSharpenigRespTxt">Fred:\n"Omlett Cail! Omlett du fromage?!"\nCail:\n"fromage'"\nOmlett du fromage Fred fromage, Omlett du fromage, Omlett du fromage.</Text>
    <Text id="answAboutChulakTxt">Chul'ak</Text>
    <Text id="answAboutChulakRespTxt">Frad:\n"Omlett Cail! Omlett du fromage Chul'ak-ról?"\nCail:\n"Omlett du fromage, Omlett du fromage. Omlett du fromage, Omlett du fromage. Omlett du fromage Omlett du fromage Omlett du fromage Omlett du fromage.. Omlett du fromage Omlett du fromage, Omlett du fromage, Omlett du fromage, Omlett du fromage.</Text>
    <Text id="answByeShortTxt">Omlett!</Text>
    <Text id="answByeTxt">Fred:\n"Omlett du fromage! Később tala!"</Text>
    <Text id="cailByeTxt">"Ok cső!"</Text>
    <Text id="liverNameTxt">Chul'ak fromage</Text>
    <Text id="liverDescTxt">Omlett du fromage Omlett du fromage Omlett du fromage. Chul'ak Omlett du fromage, Omlett du fromage.</Text>
    <Text id="liverLineTxt">"Omlett du fromage? Omlett du fromage Chul'ak fromage?"</Text>
    <Text id="chulakNameTxt">Chul'ak</Text>
    <Text id="chulakDescTxt">Chul'ak Omlett du fromage Omlett du fromage. Omlett du fromage.</Text>
    <Text id="askABeerTxt">Omlett du fromage</Text>    
    <Text id="gameGreetingTxt">Omlett du fromage. Omlett du fromage Fred. Omlett du fromage.\nOmlett du fromage Fred.</Text>
    <Text id="gameNametxt">Fred in Space</Text>
    <Text id="shipTxt">Omlett</Text>
    <Text id="backToTheShip">Omlett du fromage</Text>
    <Text id="getOff">Fromage</Text>
    <Text id="sunDeathTxt">Omlett du fromage Omlett du fromage Omlett du fromage. Du fromage? Omlett. Fred Omlett du fromage.</Text>
    <Text id="asgardianDeathTxt">Frednek Omlett du fromage. Omlett du fromage Omlett du fromage Omlett du fromage.</Text>
    <Text id="pubDeathTxt">Fred Omlett du fromage, Omlett du fromage. Omlett du fromage Omlett du fromage Chul'ak Omlett du fromage, Omlett du fromage.\nChul'ak:\n"Omlett du fromage!"\nOmlett du fromage.\nFred Omlett. Omlett du fromage.</Text>
    <Text id="sadEndTxt">Fred Omlett du fromage Omlett du fromage Omlett du fromage...Szomorúság van. </Text>
    <Text id="hapyendTxt">Fred du Laika Omlett du fromage Zaigon omlett. Omlett du fromage Omlett du fromage? Omlett du fromage.</Text>
    <Text id="gameOverTxt">Game Over</Text>
    <Text id="theEndTxt">The End</Text>
  </Texts>
</GameDescriptor>